<?xml version="1.0" encoding ="utf-8" ?>
<Project xmlns="http://schemas.microsoft.com/developer/msbuild/2003" >
  <PropertyGroup Label="Globals" >
    <MSBuildAllProjects>$(MSBuildAllProjects);$(MSBuildThisFileFullPath)</MSBuildAllProjects>
    <HasSharedItems>true</HasSharedItems>
    <ItemsProjectGuid>{5e30f375-ebb9-4873-a551-9f8a50569312}</ItemsProjectGuid>
  </PropertyGroup>
  <ItemDefinitionGroup>
    <ClCompile>
      <AdditionalIncludeDirectories>%(AdditionalIncludeDirectories);$(MSBuildThisFileDirectory)</AdditionalIncludeDirectories>
    </ClCompile>
  </ItemDefinitionGroup>
  <ItemGroup>
    <ProjectCapability Include="SourceItemsFromImports" />
  </ItemGroup>
  <ItemGroup>
    <ClCompile Include="$(MSBuildThisFileDirectory)LowPower.cpp" />
  </ItemGroup>
  <ItemGroup>
    <ClInclude Include="$(MSBuildThisFileDirectory)LowPower.h" />
  </ItemGroup>
  <ItemGroup>
    <Text Include="$(MSBuildThisFileDirectory)keywords.txt" />
<Text Include="$(MSBuildThisFileDirectory)library.properties" />
  </ItemGroup>
  <ItemGroup>
    <None Include="$(MSBuildThisFileDirectory)README.md" />
  </ItemGroup>
</Project>